Vehicle Number,Date,Time
INDRJILCVO002,2026-05-26,16:41:11
2,2026-05-26,16:41:16
IND,2026-05-26,16:41:21
INO,2026-05-26,16:41:22
RJILCVO002,2026-05-26,16:42:17
RJI,2026-05-26,16:42:18
RJILCVOO02,2026-05-26,16:42:20
INORJIZCVO002,2026-05-26,16:42:21
D,2026-05-26,16:42:22
RJIZCVO002,2026-05-26,16:42:23
IND,2026-05-26,16:42:24
INDRJILCVOO02,2026-05-26,16:42:28
INDRJILCVOOO2,2026-05-26,16:42:30
A,2026-05-26,16:42:35
RJILCVOOO2,2026-05-26,16:42:43
RJIZCVOO02,2026-05-26,16:42:44
RJILCVOO02,2026-05-26,16:43:43
RJZCVO002,2026-05-26,16:43:49
RJIZCVOO02,2026-05-26,16:43:49
RJIZCVOOO2,2026-05-26,16:43:50
20260526164350,2026-05-26,16:43:50
RJIZCYOD0Z,2026-05-26,16:43:57
RJTE,2026-05-26,16:43:58
RJIE,2026-05-26,16:43:58
AB01C1234,2026-05-26,17:48:59
ABQ1C1232,2026-05-26,17:49:02
ABO1C12341,2026-05-26,17:49:05
ABO1C1230,2026-05-26,17:49:07
ABO1C1234,2026-05-26,17:49:07
ABQ1C1234,2026-05-26,17:49:08
ABQ1C123,2026-05-26,17:49:08
ABQ1C12321,2026-05-26,17:49:15
ABQ1C1230,2026-05-26,17:49:16
AB1C1232,2026-05-26,17:49:19
IND07,2026-06-04,07:47:40
IND,2026-06-04,07:47:41
6IND,2026-06-04,07:47:43
AND,2026-06-04,07:47:46
IND0,2026-06-04,07:47:52
IND076607,2026-06-04,07:47:59
607IND,2026-06-04,07:48:00
ND,2026-06-04,07:48:01
JND17,2026-06-04,07:48:02
07ND,2026-06-04,07:48:06
IND66,2026-06-04,07:48:12
IND,2026-06-04,07:48:14
AP7AD4EC,2026-06-04,07:48:22
AP7AD48G1,2026-06-04,07:48:23
7APAD4861,2026-06-04,07:48:24
AD4861,2026-06-04,07:48:26
AAD4861,2026-06-04,07:48:27
A7AD4861,2026-06-04,07:48:28
APPAD4861,2026-06-04,07:48:29
APP7AD48G1,2026-06-04,07:48:30
AP,2026-06-04,07:48:31
APAD48G1,2026-06-04,07:48:32
AP7AD4861,2026-06-04,07:48:36
AP7SAS3AD4861,2026-06-04,07:48:38
AP36N1233,2026-06-04,07:49:09
AP36N41233IND,2026-06-04,07:49:10
AP36N4233IND,2026-06-04,07:49:11
AP36N1233IND,2026-06-04,07:49:12
INDAP36N1233,2026-06-04,07:49:15
089,2026-06-04,11:12:21
TNBBFLO89,2026-06-04,11:12:22
TNBBF4089,2026-06-04,11:12:23
TNBBFINDL089,2026-06-04,11:12:24
INDL089,2026-06-04,11:12:25
TNBBFNOL089,2026-06-04,11:12:27
TNBBFINOL089,2026-06-04,11:12:28
TNBBFIRDI,2026-06-04,11:12:31
